title,categories,cat_lowercase
'I Know Where I'm Going!' (1945),,
'Round Midnight (1986),Jazz,jazz
100 Mile Rule (2002),,
100 Years of Horror (1996) (V),Cinema,cinema
12 Angry Men (1957),racism*Legal,racism*legal
13 Rue Madeleine (1947),World war 2,world war 2
1776 (1972),History,history
1941 (1979),World war 2,world war 2
1942: A Love Story (1993),,
2 Days in the Valley (1996),,
2 Fast 2 Furious (2003),,
36 fillette (1988),,
3:10 to Yuma (1957),,
4 Little Girls (1997),racism*History,racism*history
40 Days and 40 Nights (2002),,
55 Days at Peking (1963),History,history
8 Heads in a Duffel Bag (1997),,
8 Mile (2002),Music,music
8 Seconds (1994),Sport,sport
8MM (1999),,
Aandhi (1975),,
Aashiqui (1990),,
About Last Night... (1986),,
Above the Law (1988),,
Above the Rim (1994),basketball,basketball
Absence of Malice (1981),fraud,fraud
Absolute Power (1997),,
Ace Ventura: When Nature Calls (1995),,
Action Jackson (1988),,
Addams Family Values (1993),,
Adventures in Babysitting (1987),,
Aelita (1924),,
Aetbaar (2004),,
Agent Cody Banks (2003),,
Agent Cody Banks 2: Destination London (2004),,
Agnes Browne (1999),,
Agnes of God (1985),,
Air Force One (1997),terrorism,terrorism
Airheads (1994),,
Airplane II: The Sequel (1982),,
Airplane! (1980),,
Airport (1970),airplanes*weather,airplanes*weather
Alaap (1977),,
Alfie (2004),,
Ali (2001),Boxing*Islam*War*Legal,boxing*islam*war*legal
Ali G Indahouse (2002),,
Alive (1993),Travel*Religion,travel*religion
All About Eve (1950),Showbiz,showbiz
All of Me (1984),,
All Over the Guy (2001),,
All Quiet on the Western Front (1930),War,war
All That Jazz (1979),Dance,dance
All the King's Men (1949),Political,political
Allegro non troppo (1977),Cinema,cinema
Almost Heroes (1998),,
Along Came Polly (2004),,
Alvarez Kelly (1966),War,war
Amar Akbar Anthony (1977),,
Amen. (2002),World war 2*history*Christianity,world war 2*history*christianity
America's Most Haunted Inns (2004) (V),,
American Desi (2001),College/University,college/university
American Flyers (1985),travel*disability*Bicycle,travel*disability*bicycle
American Gigolo (1980),,
American Movie (1999),Cinema,cinema
American Mullet (2001),Fashion,fashion
American Outlaws (2001),,
American Psycho (2000),,
American Wedding (2003),,
Amores perros (2000),,
Amos & Andrew (1993),,
Analyze That (2002),,
Anastasia (1997),,
Anatomy of a Murder (1959),Legal,legal
Anchors Aweigh (1945),,
And Then There Were None (1945),,
Andy Warhol (1987),Arts,arts
Angela (1995),,
Angels in the Outfield (1994),Baseball,baseball
Angels with Dirty Faces (1938),,
Anger Management (2003),Psychology,psychology
Ani DiFranco: Trust (2004) (V),Music,music
Animal Crackers (1930),,
Ankur (1974),,
Anna and the King of Siam (1946),,
Annie Get Your Gun (1950),Showbiz,showbiz
Another 48 Hrs. (1990),,
Another Woman (1988),,
Another You (1991),,
Any Which Way You Can (1980),,
Anything Else (2003),,
Apollo 13 (1995),outer Space*Technology,outer space*technology
Arachnophobia (1990),Science*Nature,science*nature
Ararat (2002),History,history
Arctic Blue (1993),,
Are We There Yet? (2005),,
Aria (1987),classical music ,classical music 
Arlington Road (1999),terrorism,terrorism
Armed and Dangerous (1986),,
Around the World in 80 Days (2004),travel,travel
Arthur (1981),,
As You Like It (1936),,
Aspen Extreme (1993),skiing,skiing
Assassination (1987),,
Assassination Tango (2002),,
At First Sight (1999),disability,disability
Atlantic City (1980),,
Au Pair Girls (1972),,
Austin Powers in Goldmember (2002),,
Austin Powers: The Spy Who Shagged Me (1999),,
Avalon (1990),,
Avalon (2001),,
Avanti! (1972),,
Awakenings (1990),Medicine,medicine
Baadshah (1999),,
Baazigar (1993),,
Babe (1995),,
Baby Boy (2001),,
Baby the Rain Must Fall (1965),,
Baby's Day Out (1994),Infants,infants
Back to School (1986),College/University,college/university
Backdraft (1991),,
Bad Boys (1983),prison,prison
Bad Boys (1995),,
Bad Boys II (2003),,
Bad Company (1995/I),,
Bad Company (2002),,
Bad Influence (1990),,
Baghban (2003),,
Ball of Fire (1941),,
Bandit Queen (1994),,
Bandolero! (1968),,
Baraka (1992),Nature*the environment,nature*the environment
Barbie as the Princess and the Pauper (2004) (V),,
Barcelona (1994),,
Bare Exposure (1993),,
Barton Fink (1991),,
Basic (2003),,
Basic Training (1985),,
Basil (1998),,
Basquiat (1996),Arts,arts
Batman Beyond: Return of the Joker (2000) (V),comic-book,comic-book
Batman Forever (1995),,
Battle of Britain (1969),World war 2*airplanes*History,world war 2*airplanes*history
Battle of the Bulge (1965),World war 2*military,world war 2*military
Battling Butler (1926),,
Be Cool (2005),Music*Showbiz,music*showbiz
Beat Street (1984),Hip Hop*Dance,hip hop*dance
Beautiful (2000),,
Beautiful Creatures (2000),,
Beautiful Girls (1996),,
Beautiful Thing (1996),,
Beauty Shop (2005),,
Bedknobs and Broomsticks (1971),,
Beethoven (1992),pets,pets
Before Stonewall (1984),History,history
Behind Enemy Lines (2001),,
Being Julia (2004),Showbiz,showbiz
Belle de jour (1967),,
Beloved (1998/I),,
Beneath the Planet of the Apes (1970),,
Bent (1997),,
Berkeley in the Sixties (1990),Political*History*War*College/University,political*history*war*college/university
Besieged (1998),,
Best Defense (1984),,
Best Friends (1982),,
Best in Show (2000),pets*sport,pets*sport
Best Laid Plans (1999),,
Betsy's Wedding (1990),,
Better Than Chocolate (1999),,
Between Heaven and Hell (1956),military,military
Bewafaa (2005),,
Bewitched (2005),,
Beyond Re-Animator (2003),,
Beyond the Law (1992),,
Bicentennial Man (1999),Technology,technology
Big (1988),,
Big Bad Mama (1974),,
Big Fat Liar (2002),,
Big Momma's House (2000),,
Big Night (1996),Business*Cookery,business*cookery
Big Top Pee-wee (1988),,
Bikini Squad (1993),,
Bikini Summer (1991),,
Bill & Ted's Bogus Journey (1991),,
Bill Cosby: Himself (1983),,
Billy Jack (1971),racism,racism
Billy Madison (1995),,
Billy's Hollywood Screen Kiss (1998),Arts,arts
Birdman of Alcatraz (1962),prison*Animals,prison*animals
Birth (2004),,
Bitter Moon (1992),,
Black (2005),Medicine*disability,medicine*disability
Black and White (1999/I),Hip Hop,hip hop
Black Caesar (1973),mafia,mafia
Black Circle Boys (1997),,
Black Robe (1991),,
Black Sunday (1977),,
Blacktop (2000),,
Blackwoods (2002),,
Blade Runner (1982),,
Blame It on the Bellboy (1992),,
Blank Check (1994),,
Blast from the Past (1999),,
Blaze (1989),Political,political
Blessed (2004),,
Blind (2004) (V),,
Blind Horizon (2003),,
Bliss (1997),,
Bloodsport (1988),martial-arts ,martial-arts 
Bloody Sunday (2002),History,history
Blown Away (1992),,
Blue (1993/I),Medicine*Arts,medicine*arts
Blue in the Face (1995),,
Blue Juice (1995),,
Blue Thunder (1983),,
Blues Brothers 2000 (1998),Pop/rock,pop/rock
Bob & Carol & Ted & Alice (1969),,
Boccaccio '70 (1962),,
Body Double (1984),,
Body Heat (1981),,
Body Shots (1999),,
Body Without Soul (1996),,
Boiling Point (1993/I),,
Bolero (1984),,
Boogeyman (2005),,
Boogie Nights (1997),,
Book of Love (1990),,
Booty Call (1997),,
Bopha! (1993),racism,racism
Border (1997),war,war
Borderline (2002),,
Born Romantic (2000),,
Born to Be Bad (1934),,
Bounce (2000),,
Bounce: Behind the Velvet Rope (2000),,
Bowfinger (1999),Showbiz*Cinema,showbiz*cinema
Boxing Helena (1993),,
Boys and Girls (2000),,
Boys on the Side (1995),,
Boyz n the Hood (1991),,
Brain Dead (1990),,
Brassed Off (1996),Music,music
Braveheart (1995),History*War*mythology,history*war*mythology
Breakdown (1997/I),,
Breakfast at Tiffany's (1961),,
Breakin' All the Rules (2004),,
Breaking the Da Vinci Code (2005) (V),Literature*Christianity*Science,literature*christianity*science
Breaking Up (1997),,
Breathless (1983),,
Breezy (1973),,
Brewster's Millions (1985),,
Bride of Chucky (1998),,
Bride of the Wind (2001),Music,music
Bridget Jones's Diary (2001),,
Brigham Young (1940),Religion*Travel,religion*travel
Brighton Beach Memoirs (1986),,
Bringing Down the House (2003),,
Bringing Out the Dead (1999),Medicine,medicine
Britannia Hospital (1982),,
Broadcast News (1987),,
Broadway Damage (1997),,
Broadway Danny Rose (1984),Showbiz,showbiz
Brother (2000),,
Brown Sugar (2002),,
Brubaker (1980),,
Brute Force (1947),prison,prison
Bubble Boy (2001),,
Buck Rogers (1939),,
Bucktown (1975),,
Buena Vista Social Club (1999),Music,music
Buffalo Soldiers (2001),military,military
Bugsy Malone (1976),,
Bullet (1996),drugs,drugs
Bullitt (1968),,
Bully (2001),,
Bulworth (1998),Hip Hop,hip hop
Burden of Dreams (1982),Cinema,cinema
BUtterfield 8 (1960),,
Butterflies Are Free (1972),disability,disability
Butterfly Kiss (1995),,
Buzz Lightyear of Star Command: The Adventure Begins (2000) (V),,
Bye Bye Birdie (1963),Showbiz*Pop/rock,showbiz*pop/rock
Bye Bye Love (1995),,
Cabeza de Vaca (1991),Travel,travel
Cabiria (1914),,
Cactus Flower (1969),,
Caddyshack (1980),golf,golf
Calamity Jane (1953),,
Call Northside 777 (1948),journalism*Legal,journalism*legal
Camelot (1967),mythology,mythology
Camille 2000 (1969),,
Camp Nowhere (1994),,
Can't Buy Me Love (1987),School  ,school  
Can't Stop the Music (1980),Music*Showbiz,music*showbiz
Candleshoe (1977),,
Candy (1968),,
Candyman (1992),,
Captives (1994),prison,prison
Capturing the Friedmans (2003),,
Car Wash (1976),,
Carbon Copy (1981),,
Career Girls (1997),,
Career Opportunities (1991),,
Carla's Song (1996),war,war
Carlito's Way: Rise to Power (2005) (V),mafia,mafia
Carlton-Browne of the F.O. (1959),,
Carmen Jones (1954),,
Carnival of Souls (1998),,
Carpool (1996),,
Carrie (1952),,
Carrie (1976),School  ,school  
Carried Away (1996),,
Carrington (1995),,
Casanova's Big Night (1954),,
Casper (1995),,
Cast a Giant Shadow (1966),military,military
Catch Me If You Can (2002),fraud,fraud
Catch That Kid (2004),,
Cats & Dogs (2001),pets,pets
Caught (1996),,
Caught Up (1998),,
Celtic Pride (1996),basketball,basketball
Chain of Fools (2000),,
Chain Reaction (1996),,
Chandni Bar (2001),,
Change of Habit (1969),,
Changing Hearts (2002),,
Chaos (2001),,
Charade (1963),,
Charley Varrick (1973),mafia,mafia
Charlie's Angels (2000),,
Charlie's Angels: Full Throttle (2003),,
Charlotte Gray (2001),World war 2,world war 2
Charlotte's Web (1973),,
Charly (1968),disability,disability
Chasers (1994),,
Chasing Holden (2001),Literature,literature
Chelsea Walls (2001),Arts,arts
Chicago (2002),Showbiz,showbiz
Children of a Lesser God (1986),disability,disability
Children of the Corn (1984),,
Children of the Revolution (1996),,
Children on Their Birthdays (2002),,
Chitty Chitty Bang Bang (1968),,
Chocolat (1988),,
Chori Chori Chupke Chupke (2001),,
Chunhyang (2000),,
Cinemania (2002),Cinema,cinema
Circle of Friends (1995),College/University,college/university
Circus World (1964),,
Citizen Kane (1941),journalism,journalism
Citizen Ruth (1996),,
City Heat (1984),,
Clash by Night (1952),,
Class Action (1991),Legal,legal
Class of Nuke 'Em High (1986),,
Clay Pigeons (1998),,
Clean Slate (1994),disability,disability
Cleopatra's Second Husband (1998),,
Clifford's Really Big Movie (2004),,
Clockers (1995),,
Clockwatchers (1997),,
Clueless (1995),school,school
Cobb (1994),journalism*Baseball,journalism*baseball
Coffy (1973),drugs,drugs
Collateral (2004),,
College (1927),,
Color of Night (1994),Psychology,psychology
Colors (1988),,
Come and Get It (1936),,
Comedy Only in da Hood (2001) (V),,
Comes a Horseman (1978),,
Coming Home (1978),,
Coming Out (1989/I),,
Commandments (1997),Religion,religion
Company Business (1991),,
Coneheads (1993),aliens,aliens
Confessions of a Teenage Drama Queen (2004),school,school
Confidence (2003),fraud,fraud
Connie and Carla (2004),,
Constantine (2005),,
Control Room (2004),journalism*War*Political,journalism*war*political
Coogan's Bluff (1968),,
Cool Runnings (1993),sport*Olympic games,sport*olympic games
Coronado (2003),,
Corpses (2004) (V),,
Corvette Summer (1978),cars,cars
Cosi (1996),Theater*Psychology,theater*psychology
Cotton Comes to Harlem (1970),fraud,fraud
Country Life (1994),,
Courage Under Fire (1996),military*war,military*war
Cousin Bette (1998),,
Cousins (1989),,
Cowboys & Angels (2003),,
Crash (1996/II),,
Crazy in Alabama (1999),,
Crazy People (1990),,
Crazy/Beautiful (2001),school,school
Creature (1999),,
Creepshow (1982),comic-book,comic-book
Creepshow 2 (1987),,
Crime of Passion (1957),,
Crime Spree (2003),mafia,mafia
Crimes and Misdemeanors (1989),,
Critical Condition (1987),,
Critters (1986),aliens,aliens
Crocodile Dundee in Los Angeles (2001),,
Cross of Iron (1977),war,war
Crossfire (1947),,
Crossroads (2002/II),,
Croupier (1998),gambling,gambling
Cruel Intentions (1999),,
Cruel Intentions 3 (2004) (V),,
Crutch (2004),drugs,drugs
Cuba (1979),,
Cuba feliz (2000),Music,music
Cube (1997),,
Cut (2000/I),,
Cutter's Way (1981),,
Cyrano de Bergerac (1950),,
Cyrano de Bergerac (1990),,
D.C. Cab (1983),,
D.E.B.S. (2004),,
D2: The Mighty Ducks (1994),hockey,hockey
D3: The Mighty Ducks (1996),,
Da Vinci Code Decoded (2004) (V),Literature*Religion,literature*religion
Dakota (1945),,
Dance with Me (1998),Dance,dance
Dancer in the Dark (2000),,
Dancing at Lughnasa (1998),,
Dangerous Ground (1997),racism,racism
Danny Deckchair (2003),,
Dark Days (2000),,
Dark Victory (1939),,
Darling (1965),,
Date with an Angel (1987),,
Day of the Dead (1985),,
Days of Heaven (1978),,
Days of Thunder (1990),sport,sport
Dazed and Confused (1993),school  ,school  
Dead Bang (1989),,
Dead End (1937),,
Dead End (2003/I),,
Dead End (2003/II),,
Dead Heat (1988),,
Dead Heat (2002),gambling,gambling
Dead Heat on a Merry-Go-Round (1966),,
Dead Man (1995),,
Dead Man on Campus (1998),College/University,college/university
Dead Man Walking (1995),prison,prison
Dead Poets Society (1989),school  ,school  
Dear Frankie (2004),,
Death Becomes Her (1992),,
Death of a Dynasty (2003),journalism*Showbiz,journalism*showbiz
Death to Smoochy (2002),Showbiz,showbiz
Death Wish 3 (1985),,
Deathwatch (2002),,
Deceiver (1997),,
Deconstructing Harry (1997),,
Deep Blue Sea (1999),Medicine,medicine
Deep Impact (1998),outer Space,outer space
Deeply (2000),,
Deliver Us from Eva (2003),,
Dennis the Menace (1993),,
Desert Bloom (1986),,
Desert Blue (1998),,
Desert Hearts (1985),,
Designing Woman (1957),,
Desk Set (1957),,
Desperate Living (1977),,
Desperate Measures (1998),,
Destination Tokyo (1943),World war 2,world war 2
Detective Story (1951),,
Detention (2003),school  ,school  
Deterrence (1999),Political,political
Detour (2002),,
Devdas (2002/I),,
Devil in the Flesh (1998),,
Dick Tracy (1990),,
DiG! (2004),Music,music
Diggstown (1992),Boxing,boxing
Dil (1990),,
Dil Hai Tumhaara (2002),,
Dillinger (1973),,
Dilwale Dulhania Le Jayenge (1995),,
Diner (1982),,
Dirty Dancing (1987),Dance,dance
Dirty Dancing: Havana Nights (2004),Dance,dance
Dirty Pretty Things (2002),,
Divine Secrets of the Ya-Ya Sisterhood (2002),,
Divorce American Style (1967),,
Doc Hollywood (1991),,
Doctor Zhivago (1965),,
Dodgeball: A True Underdog Story (2004),,
Dodsworth (1936),,
Dog Day Afternoon (1975),,
Dolls (2002),,
Dominick and Eugene (1988),,
Dominion: Prequel to the Exorcist (2005),Religion,religion
Don (1978),,
Don't Be a Menace to South Central While Drinking Your Juice in the Hood (1996),,
Don't Bother to Knock (1952),,
Don't Look Now (1973),,
Don't Say a Word (2001),Psychology,psychology
Donnie Brasco (1997),mafia,mafia
Donnie Darko (2001),Psychology,psychology
Dostana (1980),,
Double Trouble (1967),,
Double Whammy (2001),,
Down by Law (1986),,
Down in the Delta (1998),,
Down Periscope (1996),military,military
Down to You (2000),,
Dr. Jekyll and Mr. Hyde (1920/I),,
Dr. Jekyll and Mr. Hyde (1920/II),,
Dracula (1931),,
Dracula vs. Frankenstein (1971),,
Dracula: Dead and Loving It (1995),,
Dragnet (1987),,
Dragon Half (1993) (V),,
Dragonheart: A New Beginning (2000) (V),,
Drawing Flies (1996),,
Dream Lover (1994),,
Drive (1997),,
Driving Miss Daisy (1989),,
Drop Dead Fred (1991),,
Drop Dead Gorgeous (1999),,
Drop Squad (1994),Political*racism,political*racism
Drugstore Cowboy (1989),,
Drumline (2002),College/University,college/university
Duck Soup (1933),,
Duel in the Sun (1946),,
Dunston Checks In (1996),,
Dust to Glory (2005),Sport,sport
Dutch (1991),,
Dying Young (1991),,
DysFunktional Family (2003),Showbiz,showbiz
Earth (1998),Religion*Hinduism*Islam*History,religion*hinduism*islam*history
Easy Rider (1969),,
Eat a Bowl of Tea (1989),traditions,traditions
Ed Wood (1994),Showbiz,showbiz
Eddie (1996),basketball,basketball
Eddie and the Cruisers (1983),Music*journalism,music*journalism
Eddie Izzard: Glorious (1997) (V),,
Eden's Curve (2003),College/University,college/university
Eight Men Out (1988),Baseball*fraud,baseball*fraud
El Cid (1961),History,history
Election (1999),School,school
Elephant (2003),School  ,school  
Elephant Parts (1981) (V),,
Elf (2003),,
Elizabeth (1998),History,history
English Babu Desi Mem (1996),,
Enigma (2001),war,war
Enough (2002/I),,
Envy (2004),,
Epidemic (1987),,
Eraser (1996),,
Erin Brockovich (2000),Legal,legal
Ernest Goes to Africa (1997),,
Ernest Goes to Camp (1987),,
Ernest Goes to Jail (1990),,
Ernest Scared Stupid (1991),,
Escape from Alcatraz (1979),prison,prison
Eve's Bayou (1997),,
Evolution (2001),aliens,aliens
Excellent Cadavers (1999),History*mafia,history*mafia
eXistenZ (1999),,
Exotica (1994),,
EXPO: Magic of the White City (2005) (V),History*Technology,history*technology
Extreme Measures (1996),,
Extremities (1986),,
Eye for an Eye (1996),,
Eye of God (1997),,
Eyes Wide Shut (1999),,
Face/Off (1997),,
Faces of Death IV (1990),,
Fade to Black (1980),Cinema,cinema
Falling in Love (1984),,
Fame (1980),school*arts,school*arts
Family Business (1989),,
Family Viewing (1987),,
Fandango (1985),,
Fantasia (1940),classical music *arts,classical music *arts
Fantasm (1976),,
Fantasm Comes Again (1977),,
Farinelli (1994),Opera,opera
Fast Times at Ridgemont High (1982),school,school
Faster (2003),Sport*Motorcycle  ,sport*motorcycle  
Fat Chance (1994),,
Fatal Instinct (1993),,
Father of the Bride (1950),,
Fathers' Day (1997),,
Fausto 5.0 (2001),,
Fear and Loathing in Las Vegas (1998),drugs*Travel,drugs*travel
Fear Strikes Out (1957),Baseball*Psychology,baseball*psychology
Felicia's Journey (1999),,
Female Trouble (1974),,
FernGully: The Last Rainforest (1992),the environment,the environment
Ferris Bueller's Day Off (1986),school  ,school  
Festival in Cannes (2001),Showbiz,showbiz
Fever Pitch (1997),soccer ,soccer 
Fever Pitch (2005),,
Fiddler on the Roof (1971),Judaism*traditions,judaism*traditions
Fierce Creatures (1997),Business*Animals,business*animals
Fighting Tommy Riley (2005),sport,sport
Final Cut (1998),,
Finder's Fee (2001),,
Finding Neverland (2004),Literature,literature
Fire Down Below (1957),,
Fire Down Below (1997),the environment,the environment
Firelight (1997),,
Firewalker (1986),,
First Kid (1996),,
Five Easy Pieces (1970),,
Flaming Star (1960),,
Flashback (1990),,
Flashdance (1983),,
Flat Top (1952),War,war
Flawless (1999),disability,disability
FLCL (2000) (V),,
Flesh for Frankenstein (1973),,
Fletch (1985),journalism*drugs,journalism*drugs
Fletch Lives (1989),,
Flipper (1963),Animals,animals
Flipper (1996),Animals,animals
Flowers in the Attic (1987),,
Flubber (1997),,
Follow That Dream (1962),,
Follow the Fleet (1936),,
Fool for Love (1985),,
For All Mankind (1989),outer Space,outer space
For Love of Ivy (1968),,
For Love of the Game (1999),Baseball,baseball
For Love or Money (1993),,
For Me and My Gal (1942),,
For Richer or Poorer (1997),,
Forbidden Games (1995),,
Forbidden Zone (1980),,
Forever and a Day (1943),,
Forty Guns (1957),,
Four Rooms (1995),,
Foxes (1980),,
Francesco (1989),Christianity*History,christianity*history
Frank & Jesse (1994),,
Frantic (1988),travel,travel
Freaks (1932),,
Freaky Friday (1976),,
Freddy Got Fingered (2001),,
Freddy's Dead: The Final Nightmare (1991),,
Free Willy (1993),Animals,animals
Freeze Frame (2004),,
French Kiss (1995),,
Frenzy (1972),,
Frida (2002),Arts*Political,arts*political
Friday (1995),,
Friday After Next (2002),,
Friday Night Lights (2004),football ,football 
From Hell (2001),crime,crime
From Here to Eternity (1953),military,military
Full Frontal (2002),,
Fun with Dick and Jane (1977),,
Funny About Love (1990),,
Funny Face (1957),,
Funny Farm (1988),,
Funny Girl (1968),Showbiz,showbiz
Fury (1936),,
Fuzz (1972),,
Gacy (2003) (V),,
Galaxina (1980),,
Galaxy Quest (1999),,
Gallipoli (1981),,
Gangs of New York (2002),,
Gangster No. 1 (2000),,
Gattaca (1997),,
Genghis Blues (1999),Music*travel,music*travel
Genius (2003) (V),school  ,school  
Gentleman's Agreement (1947),racism*journalism,racism*journalism
George of the Jungle 2 (2003) (V),,
Geronimo: An American Legend (1993),war,war
Getting Even with Dad (1994),,
Gettysburg (1993),History*war,history*war
Ghost Dad (1990),,
Ghost Story (1981),,
Ghosts of Mars (2001),,
Ghulam (1998),,
Giant (1956),Business,business
Gilda (1946),,
Gilgamesh (2005) {{SUSPENDED}},Religions*mythology,religions*mythology
Girl Play (2004),Theater,theater
Girl with Green Eyes (1964),,
Girls! Girls! Girls! (1962),,
Giving It Up (1999),,
Gladiator (2000),,
Glen or Glenda (1953),,
Glitter (2001),Pop/rock,pop/rock
Glory (1989),War*racism*military,war*racism*military
Glory Daze (1996),College/University,college/university
Go (1999),drugs,drugs
Go Fish (1994),,
Go Tell the Spartans (1978),War,war
Go Tigers! (2001),football ,football 
Go West (1925),,
God's Army (2000),Religion,religion
Godmother (1999),Legal*mafia,legal*mafia
Goin' South (1978),,
Going Down (2003/II),,
Going Greek (2001),College/University,college/university
Going in Style (1979),,
Goldfinger (1964),,
Good Burger (1997),,
Good News (1947),College/University,college/university
Good Will Hunting (1997),Education*Science,education*science
Gordy (1995),Animals,animals
Gosford Park (2001),,
Gospel (1983),Music,music
Gotcha! (1985),,
Graffiti Bridge (1990),,
Grand Theft Auto (1977),,
Grand Theft Parsons (2003),Music,music
Grass: A Nation's Battle for Life (1925),Nature*Travel,nature*travel
Grateful Dawg (2000),Music,music
Grease (1978),school,school
Grease 2 (1982),school,school
Great Balls of Fire! (1989),Pop/rock,pop/rock
Great Expectations (1946),,
Great Expectations (1998),Literature,literature
Greedy (1994),,
Green Card (1990),,
Gregory's Girl (1981),,
Gremlins (1984),,
Gremlins 2: The New Batch (1990),,
Grey Gardens (1975),,
Grey Owl (1999),Animals,animals
Gross Anatomy (1989),College/University,college/university
Grosse Pointe Blank (1997),,
Ground Control (1998),airplanes,airplanes
Groundhog Day (1993),,
Grumpy Old Men (1993),,
Guarding Tess (1994),,
Guddi (1971),Cinema,cinema
Guess Who (2005),,
Guess Who's Coming to Dinner (1967),,
Gummo (1997),,
Gun Shy (2000),,
H.O.T.S. (1979),College/University,college/university
Haiku Tunnel (2001),,
Hair Show (2004),,
Hairspray (1988),racism*Dance,racism*dance
Half Japanese: The Band That Would Be King (1993),Music,music
Hangin' with the Homeboys (1991),,
Hanky Panky (1982),,
Hanover Street (1979),,
Happily Ever After (2005),,
Happy Gilmore (1996),golf,golf
Happy Go Lovely (1951),,
Har Dil Jo Pyar Karega... (2000),,
Hard Rain (1998),,
Hard to Hold (1984),Pop/rock,pop/rock
Hardcore (1979),,
Hardware Wars (1977),,
Harley Davidson and the Marlboro Man (1991),,
Harriet the Spy (1996),,
Harum Scarum (1965),,
Haunted Honeymoon (1986),,
Hav Plenty (1997),,
He Died with a Felafel in His Hand (2001),,
Head of State (2003),Political,political
Hear No Evil (1993),,
Hearts and Minds (1974),war*History*racism,war*history*racism
Heat and Dust (1983),,
Heathers (1989),School  ,school  
Heaven (2002),,
Heaven Help Us (1985),,
Heaven's Gate (1980),,
Heavy (1995),,
Heavy Metal (1981),comic-book,comic-book
Heavy Traffic (1973),,
Hedwig and the Angry Inch (2001),Showbiz,showbiz
Hell Comes to Frogtown (1987),,
Hell House (2001),Christianity*Theater*Christianity,christianity*theater*christianity
Hell Up in Harlem (1973),,
Hellbound: Hellraiser II (1988),,
Henry & June (1990),Literature,literature
Hera Pheri (2000),,
Herbie Rides Again (1974),,
Hercules (1997),mythology,mythology
Hercules in New York (1970),mythology,mythology
Hey Arnold! The Movie (2002),,
Hey Ram (2000),History,history
Hidalgo (2004),Horseracing,horseracing
Hide and Seek (2005),,
High Art (1998),,
High Crimes (2002),Legal*military,legal*military
High Plains Drifter (1973),,
High School High (1996),School  ,school  
High Season (1987),,
High Sierra (1941),,
Hiroshima mon amour (1959),,
His Girl Friday (1940),,
History Lessons (2000),History,history
Hitch (2005/II),,
Hocus Pocus (1993),,
Hoffa (1992),Political*History,political*history
Holes (2003),,
Hollywood Ending (2002),Cinema*disability,cinema*disability
Hollywood Shuffle (1987),Showbiz,showbiz
Home Alone 2: Lost in New York (1992),,
Home for the Holidays (1995),,
Home Movie (2001),pets,pets
Homegrown (1998),drugs,drugs
Homeward Bound: The Incredible Journey (1993),,
Hondo (1953),,
Honey (2003),Dance*Hip Hop,dance*hip hop
Honkytonk Man (1982),,
Hoodlum (1997),gambling,gambling
Hooper (1978),,
Hop (2002),,
Hope and Glory (1987),World war 2,world war 2
Hope Floats (1998),,
Hope Springs (2003),,
Hopscotch (1980),,
Horror Hospital (1973),,
Hostage (2005/I),,
Hot Pursuit (1987),,
Hot Shots! Part Deux (1993),,
House (2004),,
House Arrest (1996),,
House Calls (1978),,
House of Cards (1993),Psychology,psychology
House of Sand and Fog (2003),,
HouseSitter (1992),,
How Green Was My Valley (1941),,
How to Frame a Figg (1971),,
How to Make an American Quilt (1995),,
How to Murder Your Wife (1965),,
How to Steal a Million (1966),,
Hukkle (2002),,
Hum Tum (2004),,
Human Nature (2001),Science,science
Humraaz (2002),,
Hungama (2003),,
Hurlyburly (1998),Showbiz,showbiz
Husbands and Wives (1992),,
Hysterical (1983),,
I Can Do Bad All by Myself (2002) (V),,
I Capture the Castle (2003),,
I Confess (1953),,
I Dreamed of Africa (2000),,
I Got the Hook Up (1998),,
I Heart Huckabees (2004),,
I Love Budapest (2001),,
I Love You to Death (1990),,
I Remember Mama (1948),traditions,traditions
I Spy (2002),,
I Think I Do (1997),,
I'll Do Anything (1994),,
I'm All Right Jack (1959),,
I'm Gonna Git You Sucka (1988),,
I'm Losing You (1998),,
I'm No Angel (1933),,
I'm Not Rappaport (1996),,
I'm the One That I Want (2000),Showbiz,showbiz
I'm with Lucy (2002),,
I've Heard the Mermaids Singing (1987),,
I.Q. (1994),,
Ice Age (2002),,
Ice Princess (2005),Sport,sport
Ice Station Zebra (1968),,
If Lucy Fell (1996),,
Igby Goes Down (2002),,
Images (1972),Psychology,psychology
Imaginary Crimes (1994),,
Immortal Beloved (1994),,
Impact (1949),,
Impromptu (1991),,
In & Out (1997),,
In Cold Blood (1967),,
In God's Hands (1998),surfing,surfing
In Harm's Way (1965),military,military
In Hell (2003),prison,prison
In Old Chicago (1937),,
In the Army Now (1994),military,military
In the Cut (2003),,
In the Face of Evil: Reagan's War in Word and Deed (2004) (V),Communism*History*Political,communism*history*political
In the Heat of the Night (1967),racism,racism
In the Name of the Father (1993),Legal,legal
In the Realms of the Unreal (2004),Literature,literature
In the Weeds (2000),,
Incident at Loch Ness (2004),,
Indiscreet (1958),,
Innerspace (1987),Science,science
Innocent Blood (1992),,
Inseminoid (1981),,
Inside Deep Throat (2005),Cinema,cinema
Inspector Gadget (1999),,
Instinct (1999),Psychology,psychology
Intentions (2003),,
Internal Affairs (1990),,
Intersection (1994),,
Interstate 60 (2002),,
Into the Night (1985/I),,
Iris (2001/I),Medicine,medicine
Irma la Douce (1963),,
Iron & Silk (1990),martial-arts *Political*Travel,martial-arts *political*travel
It Could Happen to You (1994),,
It Had to Be You (2000),,
It Happened to Jane (1959),Legal,legal
It's a Wonderful Life (1946),,
It's All About Love (2003),,
It's My Party (1996),Medicine,medicine
Jack (1996),disability*school,disability*school
Jack Frost 2: Revenge of the Mutant Killer Snowman (2000) (V),,
Jackass: The Movie (2002),,
Jail Bait (1954),,
Jakob the Liar (1999),World war 2,world war 2
Jan Dara (2001),,
Jane Eyre (1996),,
Japanese Story (2003),,
Jay and Silent Bob Strike Back (2001),,
Jeans (1998),,
Jefferson in Paris (1995),History,history
Jeffrey (1995),,
Jeremiah Johnson (1972),,
Jerry Maguire (1996),Business,business
Jersey Girl (1992),,
Joe (1970),,
Joe Dirt (2001),,
Joe Somebody (2001),,
Joe the King (1999),,
Johnny Dangerously (1984),,
Johnny English (2003),,
Jonah: A VeggieTales Movie (2002),,
Joshua (2002/I),Christianity,christianity
Josie and the Pussycats (2001),Showbiz,showbiz
Joyride (1996),,
Ju-on: The Grudge (2003),,
Jubal (1956),,
Judwaa (1997),,
Julian Po (1997),,
Jumpin' Jack Flash (1986),,
Jungle 2 Jungle (1997),,
Jungle Fever (1991),racism,racism
Junior (1994),,
Jupiter's Wife (1995),,
Jury Duty (1995),Legal,legal
Just a Kiss (2002),,
Just a Little Harmless Sex (1999),,
Just Another Girl on the I.R.T. (1992),,
Just Between Friends (1986),,
Just Cause (1995),Legal,legal
Just One of the Guys (1985),school  ,school  
Just Write (1997),Showbiz,showbiz
K-19: The Widowmaker (2002),History*military,history*military
K-9 (1989),pets,pets
Kansas City (1996),,
Karan Arjun (1995),Hinduism,hinduism
Kart Racer (2003),Sport,sport
Kathy Griffin: Allegedly (2004) (V),Showbiz,showbiz
Katzelmacher (1969),,
Kelly's Heroes (1970),,
Kept (2001),,
Key Largo (1948),,
Khartoum (1966),Religion,religion
Khoobsurat (1999),,
Khuda Gawah (1992),,
Kickboxer (1989/I),Sport,sport
Kill Bill: Vol. 1 (2003),,
Killer Bud (2001),,
Killer Klowns from Outer Space (1988),aliens,aliens
Killing Me Softly (2002),,
Kindergarten Cop (1990),Education,education
King of the Jungle (2000),,
King of the Pecos (1936),,
King Rat (1965),war*prison,war*prison
King's Ransom (2005),,
Kingdom of Heaven (2005),Religion*war,religion*war
Kinjite: Forbidden Subjects (1989),,
Kippur (2000),War,war
Kisna: The Warrior Poet (2005),,
Kiss Me Goodbye (1982),,
Kiss Me Kate (1953),,
Kiss of Death (1995/I),,
Kiss of the Dragon (2001),,
Kiss the Girls (1997),,
Kohram (1999),,
Kora Kagaz (1974),,
Kramer vs. Kramer (1979),,
Krush Groove (1985),,
Kuch Kuch Hota Hai (1998),,
Kuffs (1992),,
Kundun (1997),Buddhism,buddhism
Kung Pow: Enter the Fist (2002),martial-arts ,martial-arts 
L.A. Story (1991),,
L.I.E. (2001),,
La Bamba (1987),Pop/rock,pop/rock
Lady in a Cage (1964),,
Lady Jane (1986),,
Lan yu (2001),,
Lantana (2001),,
Larger Than Life (1996),Animals,animals
Last Dance (1996),Legal,legal
Last Days (2005),Psychology,psychology
Last Resort (1986),Travel,travel
Last Train from Gun Hill (1959),,
Law and Order (1953),,
Lawless Heart (2001),,
Lawn Dogs (1997),,
Lawrence of Arabia (1962),military,military
Layer Cake (2004),drugs,drugs
Lean on Me (1989),School  ,school  
Leap of Faith (1992),fraud,fraud
Leaving Metropolis (2002),,
Legally Blonde (2001),College/University,college/university
Lenny Bruce Without Tears (1972),Showbiz,showbiz
Leprechaun 3 (1995) (V),,
Let's Make Love (1960),Theater,theater
Lethal Weapon 3 (1992),,
Leviathan (1989),,
Liar Liar (1997),,
Libeled Lady (1936),,
License to Drive (1988),,
Lie Down with Dogs (1995),,
Life (1999/I),prison,prison
Life Stinks (1991),,
Lifeboat (1944),War,war
Lift (2001/I),,
Lightning Bug (2004),,
Lightning Jack (1994),,
Like It Is (1998),,
Like Mike (2002),basketball,basketball
Little Big League (1994),Baseball,baseball
Little Miss Broadway (1938),,
Little Murders (1971),,
Little Nicky (2000),,
Little Odessa (1994),,
Little Voice (1998),Music,music
Little Women (1949),,
Live Nude Girls (1995),,
Live Nude Girls Unite! (2000),,
Loaded (1994),drugs,drugs
Lock Up (1989),prison,prison
Logan's Run (1976),,
Lolita (1962),,
Lone Hero (2002),,
Lone Wolf McQuade (1983),,
Longshot (2000),,
Longtime Companion (1990),Medicine,medicine
Look Who's Talking Now (1993),,
Lord Jim (1965),ships,ships
Lord Love a Duck (1966),,
Lord of the Flies (1963),,
Lorenzo's Oil (1992),Medicine,medicine
Losing Isaiah (1995),Legal,legal
Lost and Delirious (2001),school,school
Lost in La Mancha (2002),Cinema,cinema
Lost in Translation (2003),travel,travel
Lost Reality (2004) (V),,
Lost Souls (2000),Christianity,christianity
Love & Basketball (2000),basketball,basketball
Love Affair (1994),,
Love and a .45 (1994),,
Love in the Afternoon (1957),,
Love in the Time of Money (2002),,
Love Is a Many-Splendored Thing (1955),,
Love Jones (1997),,
Love Liza (2002),,
Love Me Tender (1956),,
Love Story (1970),,
Lovers and Other Strangers (1970),,
Loving You (1957),Music,music
Lucky (2002),,
Lucky Numbers (2000),fraud,fraud
Lumumba (2000),Political,political
Ma vie en rose (1997),,
Macross Plus (1994) (V),,
Mad Dog and Glory (1993),,
Mad Dog Time (1996),mafia,mafia
Mad Max (1979),,
Madame Bovary (1991),,
Made Men (1999),,
Madeline (1998),,
Madigan (1968),,
Madonna: Truth or Dare (1991),Showbiz,showbiz
Magnolia (1999),,
Major League (1989),Baseball,baseball
Making Mr. Right (1987),,
Making the Grade (1984),school  ,school  
Malcolm X (1992),Islam*History*racism,islam*history*racism
Malevolence (2004/II),,
Mallrats (1995),,
Man of the House (2005/II),,
Man on Fire (2004),,
Man with the Screaming Brain (2005),,
Mana: Beyond Belief (2004),Religion,religion
Manchester United: Play Like Champions (2003) (V),soccer ,soccer 
Manhattan (1979),,
Manhattan Murder Mystery (1993),,
Manny & Lo (1996),,
Mansfield Park (1999),,
Marathon Man (1976),,
Marjorie Morningstar (1958),Showbiz,showbiz
Marked for Death (1990),,
Marnie (1964),,
Marooned (1969),outer Space,outer space
Married to the Mob (1988),mafia,mafia
Marty (1955),,
Marvin's Room (1996),,
Masters of the Universe (1987),comic-book,comic-book
Masti (2004),,
Mauvais sang (1986),,
Maverick (1994),gambling*fraud,gambling*fraud
Max (2002/I),Arts*Political,arts*political
Maya (2001),traditions,traditions
McHale's Navy (1997),,
McLibel (2005),Legal*Business,legal*business
McQ (1974),,
Me and You and Everyone We Know (2005),,
Me Without You (2001),,
Mean Machine (2001),prison,prison
Medium Cool (1969),journalism,journalism
Meet John Doe (1941),journalism,journalism
Meet the Parents (2000),,
Meet Wally Sparks (1997),,
Melinda and Melinda (2004), , 
Memoirs of an Invisible Man (1992),,
Men at Work (1990),,
Men in Black (1997),aliens,aliens
Men of Honor (2000),racism*military,racism*military
Menace II Society (1993),,
Merci Docteur Rey (2002),,
Merci pour le chocolat (2000),,
Mercury Rising (1998),Medicine,medicine
Mere Yaar Ki Shaadi Hai (2002),,
Meteor (1979),,
Michael (1996),,
Michael Collins (1996),History,history
Michael Moore Hates America (2004),journalism,journalism
Mickey Blue Eyes (1999),mafia,mafia
Midnight in the Garden of Good and Evil (1997),,
Midnight Madness (1980),,
Mighty Aphrodite (1995),mythology,mythology
Miller's Crossing (1990),,
Million Dollar Baby (2004),Boxing,boxing
Miracle (2004),Olympic games*hockey,olympic games*hockey
Miracle of the White Stallions (1963),Animals,animals
Miracle on 34th Street (1994),christmas,christmas
Misery (1990),,
Miss Congeniality (2000),,
Miss Julie (1999),traditions,traditions
Mission Kashmir (2000),,
Mississippi Burning (1988),racism,racism
Mister Roberts (1955),War,war
Mo' Better Blues (1990),,
Mobsters (1991),,
Moby Dick (1956),,
Modern Problems (1981),,
Modern Times (1936),,
Modigliani (2004),arts,arts
Mohabbatein (2000),,
Mojave Moon (1996),,
Mommie Dearest (1981),Showbiz,showbiz
Mona Lisa (1986),,
Mona Lisa Smile (2003),College/University,college/university
Monkey Business (1931),,
Monkey Shines (1988),disability,disability
Monsieur Verdoux (1947),,
Monster (2003),crime,crime
Monster Man (2003),,
Montana (1998),,
Montenegro (1981),,
Moon Child (2003),,
Moonlight Mile (2002),Legal,legal
Moonstruck (1987),,
Mosquito Squadron (1969),,
Mother (1996/II),,
Mother India (1957),,
Motorama (1991),,
Moulin Rouge (1952),disability*arts,disability*arts
Mountains of the Moon (1990),History*Travel,history*travel
Moving Violations (1985),,
Mr. & Mrs. Bridge (1990),traditions,traditions
Mr. & Mrs. Smith (1941),,
Mr. and Mrs. Iyer (2002),travel*Religion,travel*religion
Mr. Baseball (1992),Sport,sport
Mr. Blandings Builds His Dream House (1948),,
Mr. Destiny (1990),,
Mr. Hobbs Takes a Vacation (1962),,
Mr. Mom (1983),,
Mr. Nanny (1993),,
Mr. Sardonicus (1961),,
Mr. Saturday Night (1992),,
Much Ado About Nothing (1993),,
Mughal-E-Azam (1960),,
Munchies (1987),,
Muppet Treasure Island (1996),,
Murder (2004),,
Murder! (1930),Legal,legal
Muriel's Wedding (1994),,
Murphy's War (1971),War,war
Musafir (2004),,
Mute Witness (1994),,
MVP: Most Valuable Primate (2000),,
My 5 Wives (2000),,
My Best Friend's Wedding (1997),,
My Best Friend's Wife (2001),,
My Best Girl (1927),,
My Big Fat Greek Wedding (2002),,
My Bloody Valentine (1981),,
My Blue Heaven (1990/II),racism,racism
My Boss's Daughter (2003),,
My Brilliant Career (1979),,
My Cousin Vinny (1992),legal,legal
My Dinner with Andre (1981),,
My Dog Skip (2000),pets,pets
My Family (1995),,
My Father the Hero (1994),,
My Favorite Brunette (1947),,
My Fellow Americans (1996),Political,political
My First Mister (2001),,
My Girl (1991),,
My Girl 2 (1994),,
My Life So Far (1999),,
My Life Without Me (2003),,
My Own Private Idaho (1991),,
My Science Project (1985),,
Mystery Train (1989),,
Naked Gun 33 1/3: The Final Insult (1994),,
Naked Lies (1998),,
Naked States (2000),arts,arts
Napoleon Dynamite (2004),,
Naqoyqatsi (2002),Arts,arts
Narc (2002),crime,crime
National Velvet (1944),Horseracing,horseracing
Navy Seals (1990),terrorism*military,terrorism*military
Necessary Roughness (1991),football ,football 
Needful Things (1993),,
Nekromantik (1987),,
Nell (1994),Psychology,psychology
Never a Dull Moment (1968),,
Never So Few (1959),war,war
Neverland (2003/II),,
New Best Friend (2002),College/University,college/university
New York Minute (2004/I),,
New York Minute (2004/II),,
Newsies (1992),,
Next of Kin (1984),,
Niagara (1953),,
Nicholas Nickleby (2002),,
Nick of Time (1995),,
Nico Icon (1995),,
Night and Day (1946),,
Night Falls on Manhattan (1997),Legal,legal
Night of the Lepus (1972),,
Night Shift (1982),,
Nightmare Alley (1947),,
Nine Months (1995),,
No Looking Back (1998),,
No Man Is an Island (1962),World war 2,world war 2
No Man's Land (1987),,
No One Sleeps (2000),,
No Vacancy (1999),,
Noam Chomsky: Rebel Without a Pause (2003),Political*Science,political*science
Nobody's Fool (1994),,
Noel (2004),,
Nora (2000),,
North Shore (1987),surfing,surfing
Northfork (2003),,
Nostalghia (1983),Literature,literature
Nostradamus (2000),,
Notting Hill (1999),,
Nowhere to Run (1993),,
Nuns on the Run (1990),,
Nurse Betty (2000),,
Nuts (1987),Legal,legal
Ocean's Eleven (1960),,
Ocean's Eleven (2001),,
Odd Man Out (1947),,
Odds Against Tomorrow (1959),,
Of Human Bondage (1934),,
Of Mice and Men (1992),,
Off Limits (1988),,
Office Space (1999),,
Oldboy (2003),,
Oleanna (1994),Education,education
On a Clear Day You Can See Forever (1970),,
On Our Merry Way (1948),,
On the Beach (1959),,
Once Around (1991),,
Once Bitten (1985),,
Once in the Life (2000),,
Once Upon a Time (1944),,
Once Upon a Time in America (1984),,
Once Upon a Time in the Midlands (2002),,
Once Were Warriors (1994),,
One from the Heart (1982),,
One Good Cop (1991),,
One Hour Photo (2002),,
One Last Dance (2003),Dance,dance
One Nation Under God (1993),Religion*Political,religion*political
One Night Stand (1997),,
One True Thing (1998),,
Onegin (1999),,
Only Angels Have Wings (1939),airplanes,airplanes
Only the Lonely (1991),,
Only You (1994),,
Open Range (2003),,
Operation Petticoat (1959),,
Orange County (2002),,
Ordinary Decent Criminal (2000),,
Ordinary People (1980),,
Osama (2003),,
Osmosis Jones (2001),Medicine,medicine
Ossessione (1943),,
OT: Our Town (2002),School  *Theater,school  *theater
Otello (1986),Opera,opera
Othello (1995),Literature,literature
Our Lips Are Sealed (2000),,
Out of Africa (1985),travel,travel
Out of Reach (2004) (V),,
Out-of-Sync (1995),,
Outside Providence (1999),school  ,school  
Overboard (1987),,
Overnight Delivery (1998),,
Owning Mahowny (2003),fraud,fraud
Pacific Heights (1990),,
Palmetto (1998),,
Pandora and the Flying Dutchman (1951),,
Panic Room (2002),,
Paparazzi (2004),Showbiz,showbiz
Paragraph 175 (2000),History,history
Parallel Sons (1995),,
Parenthood (1989),,
Parinda (1989),,
Parting Glances (1986),,
Party Monster (2003),drugs*Showbiz,drugs*showbiz
Passion of Mind (2000),,
Pat and Mike (1952),sport,sport
Patch Adams (1998),Medicine*Psychology,medicine*psychology
Patriot Games (1992),,
Paul McCartney: In the World Tonight (1997) (V),Pop/rock,pop/rock
Pauly Shore Is Dead (2003),Showbiz,showbiz
Pavement: Slow Century (2002) (V),Pop/rock,pop/rock
Pay It Forward (2000),,
Payback (1999/I),,
PCU (1994),College/University,college/university
Pecker (1998),arts,arts
Pee-wee's Big Adventure (1985),,
Peeping Tom (1960),Psychology,psychology
Pennies from Heaven (1936),,
Penny Serenade (1941),,
People Will Talk (1951),,
Perfume (2001),Showbiz,showbiz
Pet Sematary (1989),,
Pete's Meteor (1998),,
Phantom of the Paradise (1974),Music,music
Phenomenon (1996),,
Phir Milenge (2004),,
Piccadilly (1929),,
Picture Perfect (1997),,
Pieces of April (2003),,
Pink Cadillac (1989),,
Pirates of the Caribbean: The Curse of the Black Pearl (2003),,
Places in the Heart (1984),racism,racism
Planet of the Apes (1968),,
Planet of the Apes (2001),,
Playing by Heart (1998),,
Playing God (1997),,
Pleasantville (1998),,
Please Don't Eat the Daisies (1960),Showbiz,showbiz
Pocketful of Miracles (1961),,
Poetic Justice (1993),,
Point Blank (1967),,
Point Blank (1998),,
Poison (1991),,
Police Academy 2: Their First Assignment (1985),,
Police Academy 3: Back in Training (1986),,
Police Academy 4: Citizens on Patrol (1987),,
Polish Wedding (1998),,
Ponette (1996),,
Popi (1969),,
Pork Chop Hill (1959),War,war
Possession (2002),Literature,literature
Postcards from the Edge (1990),,
Powder (1995),,
Power (1986),,
Powwow Highway (1989),,
Practical Magic (1998),,
Praise (1998),,
Predator 2 (1990),,
Pressure Point (1962),prison*Psychology,prison*psychology
Presumed Innocent (1990),,
Pretty in Pink (1986),School  ,school  
Prick Up Your Ears (1987),Arts,arts
Primer (2004),Technology,technology
Princess Caraboo (1994),,
Private Benjamin (1980),,
Privates on Parade (1982),,
Prizzi's Honor (1985),mafia,mafia
Promised Land (1987),,
Proof (1991),,
Proteus (2003),History*racism*Legal,history*racism*legal
Psycho Beach Party (2000),,
Pump Up the Volume (1990),radio*school,radio*school
Pumpkin (2002),disability*College/University,disability*college/university
Punch-Drunk Love (2002),,
Punchline (1988),Showbiz,showbiz
Pure Country (1992),country music ,country music 
Pushing Tin (1999),airplanes,airplanes
Pygmalion (1938),,
Q & A (1990),,
Qayamat Se Qayamat Tak (1988),,
Queens Logic (1991),,
Quills (2000),,
Quiz Show (1994),History*Showbiz,history*showbiz
Rabbit-Proof Fence (2002),Travel*racism,travel*racism
Race the Sun (1996),Science,science
Rachel's Attic (2002),,
Radio (2003),disability,disability
Radioland Murders (1994),,
Raggedy Man (1981),,
Raining Stones (1993),,
Ram Lakhan (1989),,
Rambling Rose (1991),,
Rambo: First Blood Part II (1985),military,military
Ran (1985),,
Random Harvest (1942),,
Ransom (1996),,
Ray (2004/I),Music*disability*racism*Showbiz*drugs,music*disability*racism*showbiz*drugs
Re-Animator (1985),,
Ready to Rumble (2000/I),wrestling,wrestling
Real Genius (1985),,
Real Life (1979),journalism,journalism
Real Women Have Curves (2002),,
Reap the Wild Wind (1942),ships,ships
Rebecca (1940),,
Recess: School's Out (2001),school  ,school  
Red Corner (1997),Legal,legal
Red Surf (1990),,
Redemption (2004/I),,
Regarding Henry (1991),disability,disability
Reindeer Games (2000),,
Relative Values (2000),,
Rembrandt (1936),arts,arts
Renaissance Man (1994),Literature,literature
Renegades (1989),,
Repo Man (1984),,
Repossessed (1990),,
Requiem for a Heavyweight (1962),Boxing,boxing
Reservoir Dogs (1992),,
Resident Evil: Apocalypse (2004),,
Respiro (2002),,
Restoration (1995),,
Resurrection (1999),Christianity,christianity
Return to Horror High (1987),,
Return to Paradise (1998),drugs,drugs
Revenge (1990/I),,
Revenge of the Ninja (1983),,
Reversal (2001),wrestling,wrestling
Reversal of Fortune (1990),Legal,legal
Ride (1998),,
Ride with the Devil (1999/I),War,war
Ridicule (1996),,
Riding Giants (2004),surfing,surfing
Riding in Cars with Boys (2001),,
Riding in Vans with Boys (2003) (V),Pop/rock*Showbiz,pop/rock*showbiz
Ring of Bright Water (1969),pets*Nature,pets*nature
Rio Bravo (1959),,
Rio Lobo (1970),,
Rising Sun (1993),,
Road House (1989),,
Road to Morocco (1942),,
Road to Perdition (2002),,
Road to Singapore (1940),,
Rob Roy (1995),History,history
Robin and Marian (1976),,
Robin and the 7 Hoods (1964),,
RoboCop 3 (1993),,
Robots (2005),,
Rocky (1976),Boxing,boxing
Rocky III (1982),Boxing,boxing
Rocky V (1990),Boxing,boxing
Roger Dodger (2002),,
Rogue Trader (1999),,
Rollerball (1975),Sport,sport
Rollerball (2002),Sport,sport
Rollercoaster (1977),,
Rollercoaster (1999),,
Romeo Must Die (2000),mafia,mafia
Rookie of the Year (1993),Baseball,baseball
Roommates (1995),,
Rooster Cogburn (1975),,
Roustabout (1964),,
Roxanne (1987),,
Royal Wedding (1951),Dance*Showbiz,dance*showbiz
Rudy (1993),football ,football 
Rugrats Go Wild (2003),,
Rumble Fish (1983),,
Runaway Jury (2003),Legal,legal
Running on Empty (1988),,
Rush (1991),drugs,drugs
Rush Hour (1998),,
Rush Hour 2 (2001),,
Rushmore (1998),School  ,school  
Rustlers' Rhapsody (1985),,
Ruthless People (1986),,
Sabotage (1936),,
Sabrina (1954),,
Sabrina (1995),,
Sacred Planet (2004),travel*Nature,travel*nature
Sade (2000),,
Safe (1995),the environment,the environment
Saint Jack (1979),,
Salmonberries (1991),,
Salvador (1986),journalism,journalism
Sand (2000),,
Satan's Sadists (1969),,
Satisfaction (1988),Music*Showbiz,music*showbiz
Saturday Night Fever (1977),Dance,dance
Saturday the 14th (1981),,
Save the Tiger (1973),,
Saved! (2004),Christianity,christianity
Saving Silverman (2001),,
Say It Isn't So (2001),,
Say Nothing (2001),,
Scandal (1989),Political,political
Scaramouche (1952),,
Scarface (1983),,
Scary Movie 3 (2003),aliens,aliens
Schizopolis (1996),,
Scooby-Doo (2002),,
Scooby-Doo on Zombie Island (1998) (V),,
Scream Bloody Murder (2003) (V),,
Scrooge (1970),christmas,christmas
Scrooged (1988),christmas,christmas
Seabiscuit (2003),Horseracing*History,horseracing*history
Seabiscuit: The Lost Documentary (1939),Horseracing,horseracing
Seance on a Wet Afternoon (1964),,
Secret Admirer (1985),,
Secret Agent (1936),,
Secret Honor (1984),History*Political,history*political
Secret Window (2004),,
Secretary (2002),,
Secrets & Lies (1996),,
Seducing Maarya (1999),,
Selena (1997),Music,music
Senseless (1998),,
Separate Tables (1958),,
Serendipity (2001),,
Session 9 (2001),,
Set It Off (1996),,
Seven Girlfriends (1999),,
Seven Years in Tibet (1997),war*travel,war*travel
Sgt. Bilko (1996),,
Sgt. Pepper's Lonely Hearts Club Band (1978),Pop/rock/pop-rock,pop/rock/pop-rock
Shadow of the Vampire (2000),Cinema,cinema
Shadows and Fog (1992),,
Shall We Dance (1937),Showbiz,showbiz
Shane (1953),,
Sharky's Machine (1981),,
She's All That (1999),School  ,school  
She's the One (1996),,
She-Devils on Wheels (1968),Motorcycle  ,motorcycle  
Sheena (1984),nature,nature
Shiloh 2: Shiloh Season (1999),pets,pets
Ship of Fools (1965),,
Shivers (1975),,
Shoah (1985),World war 2*racism,world war 2*racism
Shock Corridor (1963),Psychology,psychology
Shooting Fish (1997),fraud,fraud
Shopping (1994),Motoring,motoring
Short Eyes (1977),prison,prison
Show Boat (1951),,
Showboy (2002),,
Showdown in Little Tokyo (1991),martial-arts ,martial-arts 
Showtime (2002),,
Signs (2002),Religion,religion
Silk Stockings (1957),,
Silsila (1981),,
Silver Streak (1976),,
Simon Birch (1998),disability*Religion,disability*religion
Simple Men (1992),,
Simply Irresistible (1999),,
Sin (2003/I),,
Sin dejar huella (2000),,
Sing Faster: The Stagehands' Ring Cycle (1999),Opera,opera
Single White Female (1992),,
Sister Act 2: Back in the Habit (1993),Music,music
Sister My Sister (1994),,
Sitcom (1998),,
Sixteen Candles (1984),,
Skin Deep (1989),,
Skins (2002),,
Skipped Parts (2000),,
Slackers (2002),College/University,college/university
Slam (1998),,
Slam Dunk Ernest (1995) (V),basketball,basketball
Slash (2002),,
Slave Girls from Beyond Infinity (1987),,
Sleep with Me (1994),,
Sleeper (1973),,
Sleepers (1996),,
Sleepless in Seattle (1993),,
Sliding Doors (1998),,
Sling Blade (1996),,
Slumber Party Massacre II (1987),,
Slumber Party Massacre III (1990),,
Slums of Beverly Hills (1998),,
Small Soldiers (1998),military,military
Smooth Talk (1985),,
Snow Day (2000),school  *weather,school  *weather
Socha Na Tha (2005),,
Sol Goode (2001),,
Solaris (2002),Psychology,psychology
Soldier (1998/I),,
Soldier (1998/II),,
Soldier Child (1998),Religion,religion
Some Kind of Wonderful (1987),,
Some Like It Hot (1959),,
Something's Gotta Give (2003),,
Sommersby (1993),,
Son in Law (1993),College/University,college/university
Son of Paleface (1952),,
Son of the Mask (2005),,
Song of the Thin Man (1947),,
Sonny (2002),,
Sooryavansham (1999),,
Sorcerer (1977),,
Soul Survivors (2001),,
Sour Grapes (1998),gambling,gambling
Southern Comfort (1981),military,military
Southie (1998),mafia,mafia
Southlander: Diary of a Desperate Musician (2001),,
Space Is the Place (1974),Music,music
Space Jam (1996),,
Spanish Judges (1999),,
Spartan (2004),,
Speaking Parts (1989),Showbiz,showbiz
Speedway Junky (1999),,
Spencer's Mountain (1963),,
Spider-Man (2002),,
Spies Like Us (1985),war,war
Spin (2004),Science,science
Spinning Boris (2003),Political,political
Spirit Lost (1996),,
Splendor (1999),,
Splendor in the Grass (1961),,
Splitting Heirs (1993),,
Spy Game (2001),,
Stage Beauty (2004),Theater,theater
Stagecoach (1939),,
Stand by Me (1986),,
Stanley & Iris (1990),,
Star Trek IV: The Voyage Home (1986),Animals,animals
Star Trek V: The Final Frontier (1989),aliens,aliens
Star Trek: Generations (1994),,
Star Trek: Insurrection (1998),aliens,aliens
Star Trek: Nemesis (2002),,
Star! (1968),Showbiz*Music*Theater,showbiz*music*theater
Stardust Memories (1980),Cinema,cinema
State and Main (2000),Cinema,cinema
State of Grace (1990),,
State Property 2 (2005),,
Stay Hungry (1976),,
Stay Tuned (1992),,
Staying Alive (1983),Showbiz,showbiz
Stealing Beauty (1996),,
Stella (1990),,
Stella Dallas (1937),,
Stella Street (2004),,
Stepmom (1998),,
Stir Crazy (1980),,
Stitch! The Movie (2003) (V),,
Stoked: The Rise and Fall of Gator (2002),sport,sport
Storytelling (2001),school,school
Straight Talk (1992),radio,radio
Strange Bedfellows (2004),,
Strange Days (1995),,
Strange Planet (1999),,
Stranger Than Paradise (1984),,
Strangers When We Meet (1960),,
Straw Dogs (1971),,
Strings (2004),,
Stripes (1981),military,military
Stripped (2001),,
Striptease (1996),,
Stroker Ace (1983),,
Stroszek (1977),,
Stuart Little (1999),,
Stuart Little 2 (2002),,
Stuart Saves His Family (1995),,
Suddenly (1954),,
Summer Lovers (1982),travel,travel
Summertime (1955),,
Sunday Bloody Sunday (1971),,
Sunset Strip (2000),Showbiz,showbiz
Super Mario Bros. (1993),,
Superman III (1983),,
Surrender Dorothy (1998),drugs,drugs
Surviving Christmas (2004),christmas,christmas
Surviving the Game (1994),,
Suspect Zero (2004),,
Suspicious River (2000),,
Swami (1977),,
Sweet Hearts Dance (1988),,
Sweet Jane (1998),Medicine,medicine
Sweet Sixteen (2002/I),,
Swept from the Sea (1997),,
Swimfan (2002),swimming,swimming
Swimming with Sharks (1994),,
Swing Shift (1984),,
Sylvester (1985),Sport,sport
Sylvia (2003),Literature,literature
Tabu: A Story of the South Seas (1931),,
Take Me Out to the Ball Game (1949),Baseball,baseball
Take the Money and Run (1969),,
Take This Job and Shove It (1981),,
Tales of Terror (1962),,
Talkin' Dirty After Dark (1991),,
Tank (1984),,
Tarzan (1999),,
Taxi zum Klo (1981),,
Tea with Mussolini (1999),History*World war 2,history*world war 2
Teaching Mrs. Tingle (1999),school  ,school  
Team America: World Police (2004),,
Ted Bundy (2002),crime*Psychology,crime*psychology
Teen Witch (1989),,
Teenage Catgirls in Heat (1997),,
Teenage Mutant Ninja Turtles II: The Secret of the Ooze (1991),,
Teenage Mutant Ninja Turtles III (1993),martial-arts ,martial-arts 
Tehzeeb (2003),,
Telling Lies in America (1997),school,school
Ten (2002),,
Ten Tiny Love Stories (2001),,
Teorema (1968),Religion,religion
Tequila Sunrise (1988),,
Terms of Endearment (1983),,
Testament (1983),war,war
Texas Rangers (2001),,
Texasville (1990),,
Thakshak (1999),,
That Darn Cat (1997),,
That Funny Feeling (1965),,
Theodore Rex (1995) (V),,
There Goes My Baby (1994),,
They Call Me Bruce? (1982),,
They Came to Cordura (1959),,
Thief (1981),,
Thief of Hearts (1984),,
Things Behind the Sun (2001),,
Things You Can Tell Just by Looking at Her (2000),Psychology,psychology
Thirteen (2003),,
Thirteen Days (2000),History*Political*military,history*political*military
This Divided State (2005),Political,political
This Property Is Condemned (1966),,
This Sporting Life (1963),,
Thoroughly Modern Millie (1967),,
Three Ages (1923),,
Three Days of the Condor (1975),,
Three O'Clock High (1987),school,school
Three to Tango (1999),,
Throttle (2005),,
Throw Momma from the Train (1987),,
Thunder Road (1958),,
Tightrope (1984),,
Till Human Voices Wake Us (2002),,
Tin Cup (1996),golf,golf
Titus (1999),,
To Be or Not to Be (1942),World war 2,world war 2
To End All Wars (2001),World war 2*racism,world war 2*racism
To Kill a Mockingbird (1962),racism*Legal,racism*legal
To Live and Die in L.A. (1985),,
To Sleep with a Vampire (1993),,
To the Shores of Tripoli (1942),military,military
Tom & Viv (1994),,
Tom and Huck (1995),,
Tom and Jerry: The Movie (1992),,
Tombstone (1993),,
Tomie (1999),Psychology,psychology
Topkapi (1964),,
Topper Returns (1941),,
Tora! Tora! Tora! (1970),World war 2,world war 2
Torch Song Trilogy (1988),,
Tortilla Soup (2001),,
Touching Wild Horses (2002),Animals,animals
Tough Guys Don't Dance (1987),,
Toy Story (1995),,
Trading Places (1983),Business,business
Trans (1998),,
Transylvania 6-5000 (1985),,
Trapped (2002),,
Trapped in Paradise (1994),,
Trauma (2004/I),,
Traveller (1997),,
Treasure Planet (2002),aliens,aliens
Trees Lounge (1996),,
Trembling Before G-d (2001),Judaism,judaism
Trevor (1994),,
Trial by Jury (1994),mafia,mafia
Tribulation (2000),Christianity,christianity
Trippin' (1999),School  ,school  
Trishul (1978),,
Trouble in Paradise (1932),,
True Believer (1989),Legal,legal
True Blue (2001),,
True Crime (1999),,
True Grit (1969),,
True Love (1989/I),,
True Romance (1993),drugs,drugs
Tube (2003),,
Tunnel Vision (1976),,
Turk 182! (1985),,
Turn It Up (2000),Music,music
Twenty Bucks (1993),,
Twice in a Lifetime (1985),,
Twilight (1998),,
Twins (1988/I),,
Twisted (2004/I),,
Two Bits (1995),,
Two Can Play That Game (2001),,
Two Family House (2000),,
Two Moon Junction (1988),,
Two Mules for Sister Sara (1970),,
Two of a Kind (1983),,
Two Weeks Notice (2002),,
Type O Negative: After Dark (1998) (V),Music,music
U Turn (1997),,
U2: Rattle and Hum (1988),Pop/rock,pop/rock
Uncle Buck (1989),,
Uncommon Valor (1983),war,war
Unconditional Love (2002),,
Uncovered: The War on Iraq (2004),war*Political,war*political
Under Capricorn (1949),,
Under One Roof (2002),,
Under Siege (1992),terrorism,terrorism
Under Suspicion (2000),,
Undercover Blues (1993),,
Underground (1995),war,war
Undermind (2003),,
Undertow (2004),,
Underworld (1996),,
Unfaithfully Yours (1984),,
Unforgiven (1992),,
Unmade Beds (1997),,
Unstoppable (2004),,
Unstrung Heroes (1995),,
Untamed Heart (1993),,
Uptown Girls (2003),,
Uptown Saturday Night (1974),,
Urban Ghost Story (1998),,
Used Cars (1980),,
Vampire's Kiss (1989),,
Vanilla Sky (2001),,
Vanity Fair (2004),,
Vanya on 42nd Street (1994),Theater,theater
Vatel (2000),,
Velvet Goldmine (1998),Pop/rock*journalism,pop/rock*journalism
Vendetta (1999/I),,
Venus Boyz (2002),,
Vera Drake (2004),Medicine,medicine
Very Bad Things (1998),,
Victim (1961),,
Victory (1995),,
Village of the Giants (1965),,
Vincent & Theo (1990),Arts*History,arts*history
Virgil Bliss (2001),,
Virgin (2003),Religion,religion
Vision Quest (1985),school,school
Viva Las Vegas (1964),,
Voices of Iraq (2004),War,war
Volunteers (1985),,
Wag the Dog (1997),Political,political
Wait Until Dark (1967),,
Waiting for the Light (1990),,
Walk on the Wild Side (1962),,
Walkabout (1971),,
Walking and Talking (1996),,
Walking Tall (1973),,
Waltz of the Toreadors (1962),,
Wasabi (2001),,
Washington Heights (2002),comic-book,comic-book
Wayne's World (1992),Showbiz,showbiz
We Don't Live Here Anymore (2004),,
We're No Angels (1955),,
We're No Angels (1989),,
Weird Science (1985),,
Welcome to Sarajevo (1997),journalism*war,journalism*war
Werewolf of London (1935),,
West Side Story (1961),,
What a Way to Go! (1964),,
What Alice Found (2003),,
What's Eating Gilbert Grape (1993),,
What's Love Got to Do with It (1993),Pop/rock,pop/rock
When in Rome (2002/I) (V),travel,travel
When the Bough Breaks (1993),Psychology,psychology
When We Were Kings (1996),Boxing,boxing
Where Eagles Dare (1968),World war 2,world war 2
Where the Boys Are (1960),,
Where the Buffalo Roam (1980),journalism,journalism
Where the Day Takes You (1992),drugs,drugs
Where the Heart Is (1990),,
Where the Money Is (2000),,
Where the Red Fern Grows (2003),Animals,animals
Which Way Is Up? (1977),,
Whipped (2000),,
White Christmas (1954),,
White Fang (1991/I),Animals,animals
White Men Can't Jump (1992),basketball,basketball
White Squall (1996),School  *water sports,school  *water sports
White Water Summer (1987),Outdoor  ,outdoor  
Whiteboyz (1999),Hip Hop,hip hop
Who's Afraid of Virginia Woolf? (1966),,
Who's the Man? (1993),,
Why Do Fools Fall in Love (1998),Showbiz*Legal,showbiz*legal
Wicked (1998),,
Wide Awake (1998),Religion,religion
Wigstock: The Movie (1995),Music,music
Wilbur Wants to Kill Himself (2002),,
Wild Bill (1995),,
Wilde (1997),Literature,literature
Wilder Napalm (1993),,
Willy Wonka & the Chocolate Factory (1971),,
Wimbledon (2004),tennis,tennis
Wind (1992),water sports,water sports
Winning (1969),Sport,sport
Winter Kills (1979),,
Wise Guys (1986),mafia,mafia
Wish Upon a Star (1996),,
Wish You Were Here (1987),,
Wishful Thinking (1997),,
Witchboard (1986),,
With All Deliberate Speed (2004),Legal*racism*Education,legal*racism*education
With Honors (1994),,
With Six You Get Eggroll (1968),,
Without a Paddle (2004),,
Without a Trace (1983),,
Witness for the Prosecution (1957),Legal,legal
Wizards (1977),,
WMD: Weapons of Mass Deception (2004),War*Political*journalism,war*political*journalism
Women in Love (1969),,
Women in Revolt (1971),,
Woo (1998),,
Word Wars (2004),Sport,sport
Wrong Is Right (1982),journalism,journalism
Yaadon Ki Baaraat (1973),,
Yankee Doodle Dandy (1942),Showbiz*Music*Theater,showbiz*music*theater
Yeh Vaada Raha (1982),,
Yellow (1998),,
Yellow Submarine (1968),Pop/rock,pop/rock
Yi yi (2000),,
Yojimbo (1961),,
You Can Count on Me (2000),,
You Can't Take It with You (1938),,
You Got Served (2004),Dance,dance
You Only Live Once (1937),Legal,legal
You Were Never Lovelier (1942),,
You've Got Mail (1998),,
Young at Heart (1954),,
Young Einstein (1988),,
Young Guns (1988),,
Youngblood (1986),hockey,hockey
Zakhm (1998),,
Zanjeer (1973),,
Zelig (1983),,
Zero Day (2003),school,school
Zero Effect (1998),,
Ziegfeld Girl (1941),,
Zoolander (2001),,
Zoot Suit (1981),Fashion*History,fashion*history
Zubeidaa (2001),,